"Dose","WT","Mutant"
0,192.773127191727,186.602281683834
10,191.603929190431,186.710845497042
20,192.245244971084,186.634196093466
30,199.771142767263,195.065666893267
40,229.546693315382,237.052290424194
50,245.35389272713,244.404323927981
60,248.767704741176,244.855996705924
70,249.511596626332,244.685702500256
